{
  "name": "Making Clouds",
  "artistName": "Beat Mekanik",
  "musicData": {
    "time": 150,
    "tempo": 100,
    "sampleRate": 44100,
    "hopLength": 256,
    "beatFrames": [
      10.112,
      10.72,
      11.317333333333334,
      11.914666666666667,
      12.512,
      13.109333333333334,
      13.717333333333332,
      14.314666666666668,
      14.912,
      15.52,
      16.117333333333335,
      16.714666666666666,
      17.312,
      17.92,
      18.517333333333333,
      19.11466666666667,
      19.712,
      20.32,
      20.917333333333332,
      21.514666666666667,
      22.122666666666667,
      22.72,
      23.317333333333334,
      23.914666666666665,
      24.522666666666666,
      25.12,
      25.717333333333332,
      26.314666666666668,
      26.922666666666668,
      27.52,
      28.117333333333335,
      28.714666666666666,
      29.322666666666667,
      29.92,
      30.517333333333333,
      31.11466666666667,
      31.722666666666665,
      32.32,
      32.91733333333333,
      33.51466666666666,
      34.12266666666667,
      34.72,
      35.31733333333333,
      35.91466666666667,
      36.522666666666666,
      37.12,
      37.717333333333336,
      38.31466666666667,
      38.922666666666665,
      39.52,
      40.117333333333335,
      40.714666666666666,
      41.32266666666667,
      41.92,
      42.51733333333333,
      43.114666666666665,
      43.72266666666667,
      44.32,
      44.91733333333333,
      45.51466666666666,
      46.12266666666667,
      46.72,
      47.31733333333333,
      47.91466666666667,
      48.512,
      49.12,
      49.717333333333336,
      50.31466666666667,
      50.922666666666665,
      51.52,
      52.117333333333335,
      52.714666666666666,
      53.32266666666667,
      53.92,
      54.51733333333333,
      55.114666666666665,
      55.72266666666667,
      56.32,
      56.91733333333333,
      57.51466666666666,
      58.12266666666667,
      58.72,
      59.31733333333333,
      59.925333333333334,
      60.522666666666666,
      61.12,
      61.717333333333336,
      62.32533333333333,
      62.922666666666665,
      63.52,
      64.11733333333333,
      64.72533333333334,
      65.32266666666666,
      65.92,
      66.51733333333334,
      67.11466666666666,
      67.72266666666667,
      68.32,
      68.91733333333333,
      69.51466666666667,
      70.12266666666666,
      70.72,
      71.31733333333334,
      71.91466666666666,
      72.52266666666667,
      73.12,
      73.71733333333333,
      74.32533333333333,
      74.92266666666667,
      75.52,
      76.11733333333333,
      76.71466666666667,
      77.32266666666666,
      77.92,
      78.51733333333334,
      79.12533333333333,
      79.72266666666667,
      80.32,
      80.91733333333333,
      81.52533333333334,
      82.12266666666666,
      82.72,
      83.31733333333334,
      83.92533333333333,
      84.52266666666667,
      85.12,
      85.71733333333333,
      86.31466666666667,
      86.92266666666667,
      87.52,
      88.11733333333333,
      88.72533333333334,
      89.32266666666666,
      89.92,
      90.51733333333334,
      91.11466666666666,
      91.72266666666667,
      92.32,
      92.91733333333333,
      93.52533333333334,
      94.12266666666666,
      94.72,
      95.31733333333334,
      95.92533333333333,
      97.71733333333333,
      100.11733333333333,
      102.51733333333334,
      104.91733333333333,
      106.112,
      106.72,
      107.31733333333334,
      107.91466666666666,
      108.512,
      109.12,
      109.71733333333333,
      110.31466666666667,
      110.912,
      111.52,
      112.11733333333333,
      112.71466666666667,
      113.32266666666666,
      113.92,
      114.51733333333334,
      115.11466666666666,
      115.712,
      116.32,
      116.91733333333333,
      117.52533333333334,
      118.12266666666666,
      118.72,
      119.31733333333334,
      119.91466666666666,
      120.52266666666667,
      121.12,
      121.71733333333333,
      122.31466666666667,
      122.92266666666667,
      123.52,
      124.11733333333333,
      124.71466666666667,
      125.32266666666666,
      125.92,
      126.51733333333334,
      127.12533333333333,
      127.72266666666667,
      128.32,
      128.91733333333335,
      129.52533333333332,
      130.12266666666667,
      130.72,
      131.31733333333332,
      131.91466666666668,
      132.52266666666668,
      133.12
    ]
  },
  "backgroundImagePath": "Maps/MakingClouds/MakingCloudsBackground",
  "audioPath": "Maps/MakingClouds/MakingCloudsClip"
}