{
  "name": "P R E S I D E N A T O R",
  "artistName": "Anonymous420",
  "musicData": {
    "time": 102,
    "tempo": 156,
    "sampleRate": 44100,
    "hopLength": 256,
    "beatFrames": [
      0.7952834467120181,
      1.18421768707483,
      1.5731519274376418,
      1.9504761904761905,
      2.3336054421768706,
      2.716734693877551,
      3.0998639455782313,
      3.4829931972789114,
      3.8603174603174604,
      4.260861678004535,
      4.6439909297052155,
      5.032925170068027,
      5.416054421768708,
      5.787573696145125,
      6.176507936507937,
      6.565442176870748,
      6.9543764172335605,
      7.337505668934241,
      7.7148299319727895,
      8.103764172335602,
      8.486893424036282,
      8.870022675736962,
      9.253151927437642,
      9.642086167800453,
      10.025215419501134,
      10.414149659863945,
      10.797278911564625,
      11.186213151927438,
      11.569342403628118,
      11.946666666666667,
      12.335600907029479,
      12.718730158730159,
      13.101859410430839,
      13.49079365079365,
      13.87392290249433,
      14.262857142857143,
      14.640181405895692,
      15.023310657596372,
      15.406439909297053,
      15.795374149659864,
      16.172698412698413,
      16.567437641723355,
      16.950566893424035,
      17.345306122448978,
      17.722630385487527,
      18.099954648526076,
      18.483083900226756,
      18.87201814058957,
      19.25514739229025,
      19.644081632653062,
      20.033015873015874,
      20.410340136054423,
      20.793469387755103,
      21.176598639455783,
      21.559727891156463,
      21.942857142857143,
      22.331791383219954,
      22.726530612244897,
      23.109659863945577,
      23.492789115646257,
      23.875918367346937,
      24.253242630385486,
      25.02530612244898,
      25.797369614512473,
      26.569433106575964,
      27.324081632653062,
      28.090340136054422,
      28.862403628117914,
      29.640272108843536,
      30.400725623582765,
      31.172789115646257,
      31.956462585034014,
      32.72272108843537,
      33.483174603174604,
      34.24362811791383,
      35.02149659863946,
      35.79356009070295,
      36.55401360544218,
      37.33768707482993,
      37.72081632653061,
      38.10394557823129,
      40.408526077097505,
      40.79746031746032,
      41.18639455782313,
      43.48517006802721,
      43.874104308390024,
      44.26303854875283,
      46.56761904761905,
      46.95074829931973,
      47.33387755102041,
      50.979410430839,
      52.51773242630385,
      54.05605442176871,
      55.59437641723356,
      57.138503401360545,
      58.671020408163265,
      60.21514739229025,
      61.736054421768706,
      62.078548752834465,
      62.42104308390023,
      62.728707482993194,
      63.106031746031746,
      63.48916099773243,
      63.86648526077097,
      64.25541950113379,
      64.63854875283447,
      65.02748299319728,
      65.41061224489796,
      65.79954648526078,
      66.18267573696146,
      66.56580498866214,
      66.94312925170068,
      67.32625850340136,
      67.71519274376418,
      69.05614512471655,
      70.5944671201814,
      72.52172335600908,
      74.0542403628118,
      74.39092970521541,
      74.72761904761904,
      75.03528344671201,
      75.41260770975056,
      75.79573696145124,
      76.17886621315193,
      76.56199546485261,
      76.95092970521542,
      77.3340589569161,
      77.71718820861678,
      78.10612244897959,
      78.48925170068027,
      78.87818594104309,
      79.25551020408163,
      79.63863945578231,
      80.02176870748299,
      80.4107029478458,
      80.79383219954649,
      81.1827664399093,
      81.57170068027212,
      81.9548299319728,
      82.33215419501134,
      82.71528344671202,
      83.0984126984127,
      83.48734693877552,
      83.87628117913832,
      84.26521541950113,
      84.64253968253968,
      85.02566893424036,
      85.40879818594104,
      85.79192743764172,
      86.18086167800453,
      86.55818594104308,
      86.9471201814059,
      87.33605442176871,
      87.71337868480725,
      88.1081179138322,
      88.48544217687075,
      88.86857142857143,
      89.25170068027211,
      90.59845804988662,
      92.13678004535147,
      93.67510204081633,
      95.21342403628118,
      96.75174603174604,
      98.29006802721088,
      99.82839002267573
    ]
  },
  "backgroundImagePath": "Maps/Presidenator/PresidenatorBackground",
  "audioPath": "Maps/Presidenator/PresidenatorClip"
}