{
  "name": "Ether Disco",
  "artistName": "Kevin MacLeod",
  "musicData": {
    "time": 176,
    "tempo": 120,
    "sampleRate": 44100,
    "hopLength": 512,
    "beatFrames": [
      0.313469387755102,
      0.8126984126984127,
      1.3119274376417234,
      1.811156462585034,
      2.3103854875283445,
      2.809614512471655,
      3.320453514739229,
      3.8080725623582765,
      4.307301587301588,
      4.818140589569161,
      5.317369614512471,
      5.804988662131519,
      6.30421768707483,
      6.815056689342404,
      7.314285714285714,
      7.813514739229025,
      8.312743764172335,
      8.823582766439909,
      9.32281179138322,
      9.810430839002267,
      10.309659863945578,
      10.820498866213152,
      11.319727891156463,
      11.80734693877551,
      12.318185941043083,
      12.817414965986394,
      13.316643990929705,
      13.804263038548752,
      14.315102040816326,
      14.814331065759637,
      15.32517006802721,
      15.81278911564626,
      16.31201814058957,
      16.822857142857142,
      17.322086167800453,
      17.809705215419502,
      18.308934240362813,
      18.819773242630387,
      19.319002267573698,
      19.806621315192743,
      20.317460317460316,
      20.816689342403627,
      21.31591836734694,
      21.803537414965987,
      22.31437641723356,
      22.813605442176872,
      23.324444444444445,
      23.81206349206349,
      24.3112925170068,
      24.822131519274375,
      25.321360544217686,
      25.808979591836735,
      26.308208616780046,
      26.81904761904762,
      27.31827664399093,
      27.805895691609976,
      28.31673469387755,
      28.81596371882086,
      29.31519274376417,
      29.814421768707483,
      30.313650793650794,
      30.812879818594105,
      31.32371882086168,
      31.811337868480727,
      32.31056689342404,
      32.82140589569161,
      33.32063492063492,
      33.80825396825397,
      34.319092970521545,
      34.81832199546485,
      35.31755102040816,
      35.80517006802721,
      36.31600907029478,
      36.815238095238094,
      37.314467120181405,
      37.813696145124716,
      38.31292517006803,
      38.8237641723356,
      39.32299319727891,
      39.81061224489796,
      40.30984126984127,
      40.820680272108845,
      41.319909297052156,
      41.807528344671205,
      42.31836734693878,
      42.81759637188209,
      43.316825396825394,
      43.80444444444444,
      44.315283446712016,
      44.81451247165533,
      45.31374149659864,
      45.81297052154195,
      46.31219954648526,
      46.823038548752834,
      47.322267573696145,
      47.809886621315194,
      48.309115646258505,
      48.81995464852608,
      49.31918367346939,
      49.80680272108844,
      50.30603174603175,
      50.81687074829932,
      51.316099773242634,
      51.81532879818594,
      52.31455782312925,
      52.81378684807256,
      53.31301587301587,
      53.81224489795918,
      54.31147392290249,
      54.810702947845805,
      55.32154195011338,
      55.80916099773243,
      56.30839002267574,
      56.80761904761905,
      57.31845804988662,
      57.80607709750567,
      58.316916099773245,
      58.816145124716556,
      59.31537414965987,
      59.80299319727891,
      60.31383219954648,
      60.81306122448979,
      61.312290249433104,
      61.811519274376415,
      62.31074829931973,
      62.80997732426304,
      63.30920634920635,
      63.80843537414966,
      64.31927437641724,
      64.81850340136054,
      65.31773242630385,
      65.8053514739229,
      66.31619047619047,
      66.81541950113379,
      67.3146485260771,
      67.81387755102041,
      68.31310657596372,
      68.82394557823129,
      69.3231746031746,
      69.81079365079366,
      70.31002267573696,
      70.82086167800453,
      71.32009070294785,
      71.8077097505669,
      72.31854875283447,
      72.81777777777778,
      73.31700680272108,
      73.80462585034013,
      74.3154648526077,
      74.81469387755102,
      75.31392290249433,
      75.81315192743764,
      76.31238095238095,
      76.82321995464852,
      77.32244897959184,
      77.81006802721089,
      78.32090702947846,
      78.82013605442177,
      79.31936507936508,
      79.80698412698413,
      80.3178231292517,
      80.81705215419501,
      81.31628117913833,
      81.80390022675736,
      82.31473922902494,
      82.81396825396826,
      83.32480725623583,
      83.81242630385488,
      84.31165532879818,
      84.82249433106576,
      85.32172335600907,
      85.80934240362812,
      86.3201814058957,
      86.819410430839,
      87.31863945578232,
      87.80625850340137,
      88.31709750566894,
      88.81632653061224,
      89.31555555555556,
      89.8031746031746,
      90.31401360544217,
      90.81324263038549,
      91.32408163265306,
      91.81170068027211,
      92.31092970521541,
      92.82176870748299,
      93.3209977324263,
      93.80861678004536,
      94.31945578231293,
      94.81868480725623,
      95.31791383219955,
      95.8055328798186,
      96.31637188208617,
      96.81560090702948,
      97.3148299319728,
      97.80244897959183,
      98.3132879818594,
      98.81251700680272,
      99.3233560090703,
      99.81097505668934,
      100.31020408163265,
      100.82104308390022,
      101.32027210884354,
      101.80789115646259,
      102.30712018140589,
      102.81795918367347,
      103.31718820861678,
      103.80480725623583,
      104.3156462585034,
      104.81487528344671,
      105.31410430839003,
      105.80172335600908,
      106.31256235827665,
      106.81179138321995,
      107.32263038548753,
      107.81024943310658,
      108.30947845804988,
      108.82031746031745,
      109.31954648526077,
      109.80716553287982,
      110.30639455782313,
      110.8172335600907,
      111.31646258503402,
      111.80408163265307,
      112.31492063492064,
      112.81414965986394,
      113.31337868480726,
      113.81260770975057,
      114.31183673469388,
      114.81106575963719,
      115.31029478458049,
      115.80952380952381,
      116.30875283446711,
      116.80798185941043,
      117.30721088435374,
      117.80643990929705,
      118.31727891156463,
      118.81650793650793,
      119.31573696145125,
      119.81496598639455,
      120.31419501133787,
      120.81342403628118,
      121.32426303854875,
      121.8118820861678,
      122.31111111111112,
      122.82195011337869,
      123.321179138322,
      123.80879818594104,
      124.31963718820862,
      124.81886621315192,
      125.31809523809524,
      125.80571428571429,
      126.31655328798186,
      126.81578231292517,
      127.31501133786848,
      127.80263038548753,
      128.3134693877551,
      128.82430839002268,
      129.32353741496598,
      129.81115646258505,
      130.31038548752835,
      130.82122448979592,
      131.32045351473923,
      131.8080725623583,
      132.31891156462586,
      132.81814058956917,
      133.31736961451247,
      133.8049886621315,
      134.31582766439908,
      134.8150566893424,
      135.32589569161,
      135.81351473922902,
      136.31274376417232,
      136.8235827664399,
      137.32281179138323,
      137.81043083900227,
      138.30965986394557,
      138.82049886621314,
      139.31972789115648,
      139.8073469387755,
      140.31818594104308,
      140.8174149659864,
      141.3166439909297,
      141.80426303854875,
      142.31510204081633,
      142.81433106575963,
      143.3251700680272,
      143.81278911564627,
      144.31201814058957,
      144.82285714285715,
      145.32208616780045,
      145.8097052154195,
      146.30893424036282,
      146.8197732426304,
      147.3190022675737,
      147.80662131519276,
      148.31746031746033,
      148.81668934240363,
      149.31591836734694,
      149.80353741496597,
      150.31437641723355,
      150.81360544217688,
      151.32444444444445,
      151.8120634920635,
      152.3112925170068,
      152.82213151927436,
      153.3213605442177,
      153.80897959183673,
