{
  "name": "Chopsticks",
  "artistName": "Jorge Hernandez",
  "musicData": {
    "time": 167,
    "tempo": 65,
    "sampleRate": 44100,
    "hopLength": 512,
    "beatFrames": [
      1.8692063492063493,
      3.7151927437641725,
      5.561179138321996,
      7.4071655328798185,
      9.253151927437642,
      11.099138321995465,
      12.945124716553288,
      14.79111111111111,
      15.70829931972789,
      16.637097505668933,
      17.554285714285715,
      18.483083900226756,
      19.4118820861678,
      20.329070294784582,
      21.24625850340136,
      22.175056689342405,
      23.092244897959183,
      24.021043083900228,
      24.938231292517006,
      25.86702947845805,
      26.78421768707483,
      27.713015873015873,
      28.63020408163265,
      29.547392290249434,
      30.476190476190474,
      31.393378684807256,
      32.3221768707483,
      33.23936507936508,
      34.17977324263038,
      35.085351473922906,
      36.02575963718821,
      36.94294784580499,
      37.860136054421766,
      38.77732426303855,
      39.717732426303854,
      40.62331065759637,
      41.56371882086168,
      42.4692970521542,
      43.4097052154195,
      44.315283446712016,
      45.244081632653064,
      46.16126984126984,
      47.101678004535145,
      48.01886621315193,
      48.94766439909297,
      49.86485260770975,
      50.79365079365079,
      51.710839002267576,
      52.63963718820862,
      53.556825396825396,
      54.485623582766436,
      55.40281179138322,
      56.33160997732426,
      57.24879818594104,
      58.17759637188209,
      59.09478458049887,
      60.02358276643991,
      60.94077097505669,
      61.869569160997735,
      62.78675736961451,
      63.715555555555554,
      64.63274376417233,
      65.56154195011338,
      66.47873015873016,
      67.4075283446712,
      68.32471655328798,
      69.25351473922902,
      70.17070294784581,
      71.09950113378684,
      72.01668934240362,
      72.94548752834467,
      73.86267573696145,
      74.7914739229025,
      75.70866213151928,
      76.63746031746032,
      77.5546485260771,
      78.48344671201814,
      79.40063492063491,
      80.32943310657596,
      81.24662131519274,
      82.17541950113379,
      83.09260770975057,
      84.02140589569161,
      84.9385941043084,
      85.86739229024943,
      86.78458049886622,
      87.71337868480725,
      88.63056689342403,
      89.55936507936508,
      90.47655328798186,
      91.4053514739229,
      92.32253968253968,
      93.25133786848073,
      94.16852607709751,
      95.09732426303854,
      96.01451247165532,
      96.94331065759637,
      97.86049886621315,
      98.7892970521542,
      99.70648526077098,
      100.63528344671202,
      101.5524716553288,
      102.48126984126984,
      103.39845804988663,
      104.32725623582766,
      105.24444444444444,
      106.17324263038549,
      107.09043083900227,
      108.01922902494331,
      108.93641723356009,
      109.86521541950114,
      110.78240362811792,
      111.71120181405895,
      112.62839002267573,
      113.55718820861678,
      114.47437641723356,
      115.4031746031746,
      116.32036281179138,
      117.24916099773243,
      118.16634920634921,
      119.09514739229024,
      120.01233560090704,
      120.94113378684807,
      121.85832199546485,
      122.7871201814059,
      123.70430839002267,
      124.63310657596372,
      125.5502947845805,
      126.47909297052155,
      127.39628117913833,
      128.32507936507938,
      129.24226757369615,
      130.1710657596372,
      131.08825396825398,
      132.017052154195,
      132.93424036281178,
      133.86303854875283,
      134.7802267573696,
      135.70902494331065,
      136.62621315192743,
      137.55501133786848,
      138.47219954648526,
      139.4009977324263,
      140.31818594104308,
      141.24698412698413,
      142.1641723356009,
      143.09297052154196,
      144.01015873015874,
      144.93895691609978,
      145.85614512471656,
      146.7849433106576,
      147.7021315192744,
      148.6309297052154,
      149.5481179138322,
      150.47691609977323,
      151.39410430839,
      152.32290249433106,
      153.24009070294784,
      154.1688888888889,
      155.09768707482993,
      156.02648526077098,
      156.9320634920635,
      157.8724716553288,
      158.77804988662132,
      159.70684807256237,
      160.62403628117914,
      161.43673469387755
    ]
  },
  "backgroundImagePath": "Maps/Chopsticks/ChopsticksBackground",
  "audioPath": "Maps/Chopsticks/ChopsticksClip"
}